"customername","email","phone","birthday","serialnumber","registrationdate","lastupdatedate","sharewithresearchasofdate","sharewithpublicasofdate","sharewithfriendsasofdate"
"Frank Hansen","Frank.Hansen@test.com","8015551212","1323-01-01","454a7430-d4ff-47cf-8666-7428f8a9894d","1655564131452","1655564131452",,,"1655564131452"
"David Jones","David.Jones@test.com","8015551212","1111-01-01","fe784255-4faf-47ab-96f7-ea79c6e87f0c","1655564435763","1655564435763",,,
"Edward Clayton","Edward.Clayton@test.com","8015551212","1754-01-01","3d798cef-bc66-4128-85af-2c9d36c251b9","1655564387419","1655564387419",,"1655564387419","1655564387419"
"Edward Staples","Edward.Staples@test.com","8015551212","1631-01-01","9f14e906-5e19-4a70-9016-6e58f146d3f0","1655564397161","1655564397161",,,"1655564397161"
"Jacob Habschied","Jacob.Habschied@test.com","8015551212","1934-01-01","276e1713-8675-495b-a4b3-c5015f0ca3a2","1655564087815","1655564087815",,,"1655564087815"
"Santosh Olson","Santosh.Olson@test.com","8015551212","1265-01-01","fd4624c7-e15e-48be-bcf7-6ab67028a72c","1655564424393","1655564424393",,,"1655564424393"
"Neeraj Anandh","Neeraj.Anandh@test.com","8015551212","1478-01-01","17a34b4a-3018-416d-801c-cafd3bbe4b49","1655564408518","1655564408518",,"1655564408518",
"David Howard","David.Howard@test.com","8015551212","1456-01-01","d0234d78-d6df-4a1a-ace9-0e1c5773b7c7","1655564410194","1655564410194",,,"1655564410194"
"Chris Staples","Chris.Staples@test.com","8015551212","1177-01-01","ae3e8fdb-70f2-41c1-9573-1a0ee31a1d7d","1655564141755","1655564141755",,,
"Danny Wu","Danny.Wu@test.com","8015551212","1143-01-01","59b4d78f-2d3f-43a6-868c-dc4697b0b7ff","1655562450053","1655562512396",,"1655562512396",
"Edward Doshi","Edward.Doshi@test.com","8015551212","1220-01-01","3c5a4fff-3756-4907-9b4d-dfc03a7e1c31","1655564138704","1655564138704",,"1655564138704",
"Christina Fibonnaci","Christina.Fibonnaci@test.com","8015551212","1235-01-01","cb2491d1-5578-410f-aa2d-b12f487ce65b","1655564426618","1655564426618",,,
"Trevor Clayton","Trevor.Clayton@test.com","8015551212","1673-01-01","40c2f5c9-1aa1-4139-9dc8-8f91a6d40d48","1655564393958","1655564393958",,"1655564393958","1655564393958"
"Jacob Hansen","Jacob.Hansen@test.com","8015551212","1055-01-01","c9f5e618-cd06-4d2b-9b87-2a89d2423140","1655564439832","1655564439832",,,"1655564439832"
"Trevor Staples","Trevor.Staples@test.com","8015551212","1292-01-01","9eb25741-9545-439f-a8af-4913ce72e8de","1655564422424","1655564422424",,,"1655564422424"
"Ashley Howard","Ashley.Howard@test.com","8015551212","1248-01-01","e09e0931-bc4e-416a-aeaf-8f2d8192367b","1655563972162","1655563972162",,,"1655563972162"
"Frank Spencer","Frank.Spencer@test.com","8015551212","1330-01-01","afd287c5-1682-4ad2-8d73-7b8323275120","1655564419506","1655564419506",,"1655564419506",
"Frank Wu","Frank.Wu@test.com","8015551212","1519-01-01","d5f72e3a-6f9f-470a-b4e4-968078762e7a","1655564117544","1655564117544",,"1655564117544","1655564117544"
"Dan Aristotle","Dan.Aristotle@test.com","8015551212","1923-01-01","12e3b5ab-9362-4f79-a770-7a4b57636cc6","1655564088608","1655564088608",,,"1655564088608"
"Edward Sanchez","Edward.Sanchez@test.com","8015551212","1341-01-01","812f821a-0154-4eee-b197-7b0683c2a6c7","1655564418699","1655564418699",,,
"Travis Smith","Travis.Smith@test.com","8015551212","1203-01-01","dfc27f80-9241-41bf-bd9f-a4fcbcc4f49f","1655563975160","1655563975160",,,"1655563975160"
"Trevor Fibonnaci","Trevor.Fibonnaci@test.com","8015551212","1344-01-01","574cf1f3-244b-4797-99ff-063cf1d2ed59","1655564129966","1655564129966",,,
"Chris Anandh","Chris.Anandh@test.com","8015551212","1541-01-01","abd21781-67d3-498a-87df-6f6065696b9f","1655564403803","1655564403803",,"1655564403803",
"Sean Habschied","Sean.Habschied@test.com","8015551212","1126-01-01","3e3a5a4a-3cb2-4b41-a8f9-bf6d5e4d1e67","1655564434691","1655564434691",,"1655564434691",
"Frank Habschied","Frank.Habschied@test.com","8015551212","993-01-01","1c64a41d-72a5-42d6-bc9a-94e2525ffdd1","1655563989117","1655563989117",,"1655563989117","1655563989117"
"Dan Abram","Dan.Abram@test.com","8015551212","1208-01-01","3aebfc19-a2b4-44a5-95ca-69fdc4405ad1","1655562654127","1655562718816",,,"1655562718816"
"Eric Habschied","Eric.Habschied@test.com","8015551212","1407-01-01","0aa1ce6b-7608-40fc-82d1-12009516c167","1655564413816","1655564413816",,,"1655564413816"
"Jane Jefferson","Jane.Jefferson@test.com","8015551212","1487-01-01","cf1eb4e4-7ad3-4032-a316-6f1e62207625","1655564119755","1655564119755",,"1655564119755",
"Dan Khatib","Dan.Khatib@test.com","8015551212","1188-01-01","983500aa-f228-41e9-bc22-8fe7445841da","1655564140958","1655564140958",,"1655564140958","1655564140958"
"Sean Hansen","Sean.Hansen@test.com","8015551212","983-01-01","67437497-252e-47c4-be68-0d4e83ff97c3","1655563989758","1655563989758",,"1655563989758","1655563989758"
"Sean Fibonnaci","Sean.Fibonnaci@test.com","8015551212","1129-01-01","6fbe9a87-d105-493c-b752-1f6ed4c039b3","1655564434476","1655564434476",,,"1655564434476"
"Larry Khatib","Larry.Khatib@test.com","8015551212","1531-01-01","7166cbd6-85ce-45e8-9a80-c0ee9ae93158","1655564404510","1655564404510",,"1655564404510",
"Lyn Hansen","Lyn.Hansen@test.com","8015551212","1524-01-01","8f76b164-1374-439e-9a48-eba5670ab8e4","1655564405004","1655564405004",,,"1655564405004"
"Suresh Abram","Suresh.Abram@test.com","8015551212","1801-01-01","ef1a5130-b882-4195-9e8c-e794f06064d3","1655564097499","1655564097499",,,
"Frank Clark","Frank.Clark@test.com","8015551212","1749-01-01","b7d5bb4b-54af-4b02-bc75-35ff9c8ef42b","1655564387810","1655564387810",,"1655564387810",
"Angie Clark","Angie.Clark@test.com","8015551212","1270-01-01","5f0890ac-77dd-4ebf-9a65-d547cc4dbc33","1655564135233","1655564135233",,"1655564135233",
"David Sanchez","David.Sanchez@test.com","8015551212","1773-01-01","cd01c734-aef9-4e50-864f-2e2087474b52","1655564385989","1655564385989",,"1655564385989","1655564385989"
"Ben Ahmed","Ben.Ahmed@test.com","8015551212","1019-01-01","1c9830a4-ce09-4af2-9a26-0cf9f87a7e1b","1655564442583","1655564442583",,,
"Jane Phillips","Jane.Phillips@test.com","8015551212","1767-01-01","7ef6c0e4-7a42-489d-9f5c-11e65a6a6b59","1655564386451","1655564386451",,"1655564386451",
"Bobby Hansen","Bobby.Hansen@test.com","8015551212","1367-01-01","11e0430e-966d-46dd-9ca7-ec716cef06f2","1655564416768","1655564416768",,"1655564416768","1655564416768"
"Neeraj Doshi","Neeraj.Doshi@test.com","8015551212","1830-01-01","96c22808-815d-4cc7-9333-141f44a4d97f","1655564381640","1655564381640",,,
"Angie Sanchez","Angie.Sanchez@test.com","8015551212","1454-01-01","42df2bb0-fc10-459f-9cc8-2ea52d5084d0","1655564410341","1655564410341",,,
"Jason Hansen","Jason.Hansen@test.com","8015551212","1354-01-01","f3f04582-d8f9-4c91-a640-c71aef46fb94","1655564417699","1655564417699",,"1655564417699","1655564417699"
"Lyn Davis","Lyn.Davis@test.com","8015551212","1849-01-01","18825d18-2c43-4de1-8a19-a14bf274bc13","1655564380246","1655564380246",,,
"Jaya Howard","Jaya.Howard@test.com","8015551212","1922-01-01","6f1d1f96-0fbd-431f-83d8-30897121cebd","1655564374313","1655564374313",,"1655564374313","1655564374313"
"Edward Jones","Edward.Jones@test.com","8015551212","1042-01-01","8fc53d9d-0904-4a94-9b69-759ac1066677","1655564440879","1655564440879",,"1655564440879","1655564440879"
"David Abram","David.Abram@test.com","8015551212","1146-01-01","2c1ce5f5-4cb2-43e5-a193-5d2202843ed7","1655564433253","1655564433253",,"1655564433253","1655564433253"
"Eric Lincoln","Eric.Lincoln@test.com","8015551212","1050-01-01","bbb06d49-743a-4c98-b773-fdc0a34b460b","1655564440216","1655564440216",,"1655564440216",
"Craig Olson","Craig.Olson@test.com","8015551212","1496-01-01","6cf5be24-204c-49ac-a8e8-3d0d12873e25","1655564119134","1655564119134",,,"1655564119134"
"John Olson","John.Olson@test.com","8015551212","1783-01-01","97ee59e6-0bad-472b-a562-01199a788053","1655564385244","1655564385244",,,"1655564385244"
"Suresh Huey","Suresh.Huey@test.com","8015551212","1286-01-01","17ac0d7a-2698-4486-a4e1-14332f805ae2","1655564134072","1655564134072",,"1655564134072","1655564134072"
"Danny Doshi","Danny.Doshi@test.com","8015551212","1672-01-01","d3d5e003-391c-40b3-9097-1e5058f0e59d","1655564394045","1655564394045",,,"1655564394045"
"Chris Khatib","Chris.Khatib@test.com","8015551212","1063-01-01","017e5fc9-c0f7-4ebf-a1d3-4cab3b3f724b","1655564150044","1655564150044",,"1655564150044",
"Travis Mitra","Travis.Mitra@test.com","8015551212","1914-01-01","575794bb-7968-43e5-9e0a-ae914631be34","1655564375068","1655564375068",,,"1655564375068"
"Dan Gonzalez","Dan.Gonzalez@test.com","8015551212","1025-01-01","5f863094-9bbb-41d1-9a63-55e5c3b56242","1655564442133","1655564442133",,"1655564442133",
"Lyn Gonzalez","Lyn.Gonzalez@test.com","8015551212","1153-01-01","735da300-112d-40f1-ae3d-fc53e49c67ee","1655564432746","1655564432746",,"1655564432746","1655564432746"
"Larry Ahmed","Larry.Ahmed@test.com","8015551212","1578-01-01","44698f22-c505-40c8-9717-9c66756e0269","1655564113458","1655564113458",,"1655564113458",
"Eric Hansen","Eric.Hansen@test.com","8015551212","1440-01-01","9b02b97a-8781-4cf9-91e1-51c4a91add3e","1655564411401","1655564411401",,"1655564411401",
"Dan Harris","Dan.Harris@test.com","8015551212","1378-01-01","6a146a67-0bb3-4290-b62c-029c501e66e3","1655564415972","1655564415972",,"1655564415972","1655564415972"
"Gail Huey","Gail.Huey@test.com","8015551212","1267-01-01","59df349a-4aea-4e6c-9e1a-96872f764a61","1655564424249","1655564424249",,"1655564424249",
"Dan Jackson","Dan.Jackson@test.com","8015551212","1593-01-01","33fa3db7-d63e-42fb-8fcb-8a8f5b7a5a4e","1655562630830","1655562693841",,"1655562693841",
"Spencer Sanchez","Spencer.Sanchez@test.com","8015551212","1682-01-01","1f5f7a96-9fb6-4439-babc-e16c82a699ed","1655564393233","1655564393233",,,
"Angie Fibonnaci","Angie.Fibonnaci@test.com","8015551212","1920-01-01","b0d2e844-3d6a-4e1c-9a0f-f53589b4958f","1655564374456","1655564374456",,"1655564374456",
"Ben Gonzalez","Ben.Gonzalez@test.com","8015551212","1194-01-01","d7688a91-869a-4830-8a00-05b21288526d","1655564429723","1655564429723",,,"1655564429723"
"David Fibonnaci","David.Fibonnaci@test.com","8015551212","1108-01-01","f08ce8b4-ae72-4ef6-98a4-29293b9e2224","1655564435978","1655564435978",,,
"Senthil Mitra","Senthil.Mitra@test.com","8015551212","1169-01-01","ae38f6e7-a3f1-4c9c-b53e-2b2b6174094c","1655564431575","1655564431575",,"1655564431575",
"Senthil Wu","Senthil.Wu@test.com","8015551212","1214-01-01","e49601ba-34b2-476a-9467-f4d2a2b8ca0c","1655564428248","1655564428248",,,"1655564428248"
"Angie Anandh","Angie.Anandh@test.com","8015551212","1501-01-01","f49380ca-8faa-45b1-bb44-ce6a7e8bc804","1655563955074","1655563955074",,"1655563955074","1655563955074"
"Dan Fibonnaci","Dan.Fibonnaci@test.com","8015551212","1322-01-01","b09c1d83-72b7-4ad2-a04c-55cab9f5e598","1655564420101","1655564420101",,,"1655564420101"
"Sean Aristotle","Sean.Aristotle@test.com","8015551212","1191-01-01","9518a4da-1bee-4382-b6af-3875632d09f2","1655564429947","1655564429947",,"1655564429947","1655564429947"
"Jane Doshi","Jane.Doshi@test.com","8015551212","1595-01-01","16e6fbb1-373b-4db9-b2ae-bd4a42fbe4ac","1655564399903","1655564399903",,"1655564399903","1655564399903"
"Ashley Abram","Ashley.Abram@test.com","8015551212","1237-01-01","54bfa5f5-fac8-4547-92c3-89ce9607ce07","1655564426469","1655564426469",,"1655564426469",
"Craig Jackson","Craig.Jackson@test.com","8015551212","1535-01-01","3a83f10b-677a-4f3d-bba6-f3b69d8ee4e7","1655564404227","1655564404227",,"1655564404227",
"Neeraj Clark","Neeraj.Clark@test.com","8015551212","1912-01-01","9f6e9f82-583a-4d44-8e8f-0387740665aa","1655563928183","1655563928183",,"1655563928183",
"Sarah Olson","Sarah.Olson@test.com","8015551212","1912-01-01","14533ca3-9886-4fec-9fdd-2908d2e6e2cf","1655564375246","1655564375246",,"1655564375246","1655564375246"
"Manoj Staples","Manoj.Staples@test.com","8015551212","1258-01-01","2644e579-b25c-4f96-8b0f-b73a2beb218f","1655564136041","1655564136041",,"1655564136041","1655564136041"
"Liz Phillips","Liz.Phillips@test.com","8015551212","1024-01-01","3b16cd2f-9ec7-4a04-bbec-715c099c2298","1655564442205","1655564442205",,"1655564442205","1655564442205"
"Jane Spencer","Jane.Spencer@test.com","8015551212","1515-01-01","5313098c-8f26-4aca-890b-b10fd6cbdefb","1655564405640","1655564405640",,"1655564405640",
"Lyn Ahmed","Lyn.Ahmed@test.com","8015551212","1566-01-01","0f632254-6bf2-4d9b-8174-35b35344a290","1655564114316","1655564114316",,,
"Manoj Howard","Manoj.Howard@test.com","8015551212","1245-01-01","a1694c1f-48c0-4626-a9e0-84b0643a8e21","1655564136950","1655564136950",,"1655564136950","1655564136950"
"Jaya Davis","Jaya.Davis@test.com","8015551212","1142-01-01","e6e3c653-e94c-4c36-afb2-847da01dc028","1655564433540","1655564433540",,,
"Bobby Jones","Bobby.Jones@test.com","8015551212","1013-01-01","8a937fe7-5c14-4476-9f59-05a9c895ed78","1655564443057","1655564443057",,"1655564443057","1655564443057"
"Neeraj Jones","Neeraj.Jones@test.com","8015551212","1223-01-01","57e318cb-c4b0-4bc1-b45a-025ed4516409","1655564427542","1655564427542",,,"1655564427542"
"David Lincoln","David.Lincoln@test.com","8015551212","980-01-01","0a243a7a-8d3b-4410-b08d-09d4c7dbd2a9","1655564156242","1655564156242",,,"1655564156242"
"Jerry Sanchez","Jerry.Sanchez@test.com","8015551212","1358-01-01","791dc662-448e-4383-bdd8-0456090a9240","1655564128921","1655564128921",,,
"Frank Ahmed","Frank.Ahmed@test.com","8015551212","1147-01-01","0a44aaf3-6d67-4277-8998-f26c5ea36096","1655564433181","1655564433181",,,
"Gail Gonzalez","Gail.Gonzalez@test.com","8015551212","1304-01-01","af45b698-b729-44a4-830d-f0c8fb8fa126","1655564421483","1655564421483",,"1655564421483","1655564421483"
"Trevor Mitra","Trevor.Mitra@test.com","8015551212","1339-01-01","36a7db58-30b9-4631-9941-ac6d16598431","1655564418853","1655564418853",,"1655564418853",
"Travis Sanchez","Travis.Sanchez@test.com","8015551212","1867-01-01","fa6679ba-21aa-4694-8274-7423f8fa42c5","1655564092718","1655564092718",,"1655564092718",
"Craig Phillips","Craig.Phillips@test.com","8015551212","1062-01-01","508357d6-d260-4d5b-a7b2-9dac7a9c631e","1655564439289","1655564439289",,"1655564439289",
"Liz Fibonnaci","Liz.Fibonnaci@test.com","8015551212","1553-01-01","b2647b7f-7e2f-4bc7-b58c-71901dd26946","1655563951362","1655563951362",,"1655563951362","1655563951362"
"Senthil Hansen","Senthil.Hansen@test.com","8015551212","1099-01-01","d3890fda-3f53-4ac1-9a2e-7721b4328471","1655564147266","1655564147266",,,"1655564147266"
"Spencer Jackson","Spencer.Jackson@test.com","8015551212","1689-01-01","a9e402fe-923a-4e1a-91be-8a3205ff98f7","1655564392698","1655564392698",,,
"Eric Harris","Eric.Harris@test.com","8015551212","1205-01-01","14998770-1806-4d96-84fa-6bd8c454829f","1655564139766","1655564139766",,,
"Bobby Clayton","Bobby.Clayton@test.com","8015551212","1139-01-01","10bee8f7-e8cf-46a4-b300-79ee0cfe95fd","1655564433756","1655564433756",,,"1655564433756"
"Bobby Mitra","Bobby.Mitra@test.com","8015551212","1181-01-01","ac0ecbff-3e14-4349-be28-2f1dd4bf10c0","1655564430702","1655564430702",,"1655564430702",
"Ashley Anderson","Ashley.Anderson@test.com","8015551212","1208-01-01","3b6b5f55-4ade-4674-80a6-25f972025b84","1655564139552","1655564139552",,"1655564139552",
"David Jefferson","David.Jefferson@test.com","8015551212","1629-01-01","f5c82e57-5815-42a5-88a0-7f05005ce1e4","1655564397301","1655564397301",,"1655564397301",
"Danny Clark","Danny.Clark@test.com","8015551212","994-01-01","4c0932cc-9116-4ca0-b9c1-f9b09fa6d96a","1655564444501","1655564444501",,"1655564444501","1655564444501"
"Ben Smith","Ben.Smith@test.com","8015551212","1477-01-01","6ee9ee64-1dd3-4969-8f3d-e1e29b7511d6","1655564408596","1655564408596",,"1655564408596","1655564408596"
"Trevor Jackson","Trevor.Jackson@test.com","8015551212","1758-01-01","85a194e5-db80-4225-953f-e6e047543a46","1655564387133","1655564387133",,"1655564387133",
"Travis Harris","Travis.Harris@test.com","8015551212","1006-01-01","4dd5edbb-6a4a-42f4-a96f-171d5f222476","1655564154431","1655564154431",,"1655564154431","1655564154431"
"Trevor Huey","Trevor.Huey@test.com","8015551212","1380-01-01","4ff71566-1169-46be-9d2f-7f33d3b5617c","1655564415820","1655564415820",,"1655564415820",
"Trevor Gonzalez","Trevor.Gonzalez@test.com","8015551212","1130-01-01","4192f54f-5cfa-44f5-a7ba-1939c4612394","1655564434402","1655564434402",,,"1655564434402"
"Sean Wu","Sean.Wu@test.com","8015551212","1747-01-01","531024e4-bdd5-43a7-95aa-6e1692534e13","1655563938698","1655563938698",,"1655563938698","1655563938698"
"Lyn Howard","Lyn.Howard@test.com","8015551212","1044-01-01","593167d5-49fb-45cc-b3c1-5aa1aacbc6b1","1655564440746","1655564440746",,"1655564440746","1655564440746"
"Jacob Sanchez","Jacob.Sanchez@test.com","8015551212","1345-01-01","93739f22-7e32-4b66-9130-47e3bbe8c563","1655564418386","1655564418386",,,"1655564418386"
"Ben Wu","Ben.Wu@test.com","8015551212","1022-01-01","57556317-ec4e-4e7d-9a1f-c007c2417dca","1655564153297","1655564153297",,,
"Senthil Abram","Senthil.Abram@test.com","8015551212","1504-01-01","a881b0c3-16f2-4bed-8754-621d0ff364bf","1655564406458","1655564406458",,,"1655564406458"
"Manoj Mitra","Manoj.Mitra@test.com","8015551212","1382-01-01","df80b51a-50c9-4e9c-aaa6-662a14b9c1b5","1655564415675","1655564415675",,"1655564415675",
"Jacob Staples","Jacob.Staples@test.com","8015551212","1876-01-01","db276dd2-9dac-4931-a7c2-ebf5914bb845","1655564092036","1655564092037",,,"1655564092037"
"Liz Jefferson","Liz.Jefferson@test.com","8015551212","1729-01-01","56ccadba-51b3-4669-8488-d2b617f2edf7","1655564389406","1655564389406",,"1655564389406","1655564389406"
"Jaya Anandh","Jaya.Anandh@test.com","8015551212","1010-01-01","d0bd2fcb-d885-48ca-985a-138e5f40f45a","1655564443286","1655564443286",,"1655564443286",
"Sean Phillips","Sean.Phillips@test.com","8015551212","1210-01-01","269e7401-9aa8-48e1-94cc-57c7cfe66482","1655564428577","1655564428577",,"1655564428577",
"Jacob Khatib","Jacob.Khatib@test.com","8015551212","1192-01-01","1b0605b1-52e7-4deb-8c92-286770054311","1655564429875","1655564429875",,,
"Sarah Aristotle","Sarah.Aristotle@test.com","8015551212","1395-01-01","cbe47813-dc08-48ff-ae59-6b64499dc2b0","1655564414736","1655564414736",,"1655564414736","1655564414736"
"Bobby Huey","Bobby.Huey@test.com","8015551212","1650-01-01","b212a005-3255-440f-b21c-babc8388c19f","1655564395607","1655564395607",,,
"Jason Lincoln","Jason.Lincoln@test.com","8015551212","1558-01-01","e1dee14a-e027-4247-8936-bdf13f646681","1655564402598","1655564402598",,,"1655564402598"
"Jason Davis","Jason.Davis@test.com","8015551212","1005-01-01","73fa2b39-ed54-4f1c-89fc-ef9e8830e089","1655564443661","1655564443661",,"1655564443661",
"Sean Spencer","Sean.Spencer@test.com","8015551212","977-01-01","04357f3e-87d3-4819-937a-d114536ae652","1655564156465","1655564156465",,,
"Dan Clayton","Dan.Clayton@test.com","8015551212","1399-01-01","a03d5406-87c9-4906-9820-c4591663de50","1655564126035","1655564126035",,"1655564126035","1655564126035"
"Craig Smith","Craig.Smith@test.com","8015551212","1273-01-01","82afe507-93a0-45a9-8c10-e959409c19d0","1655564135015","1655564135015",,,
"Gail Jefferson","Gail.Jefferson@test.com","8015551212","1742-01-01","8cc2152c-18a0-4beb-adba-98661ab45085","1655564388359","1655564388359",,"1655564388359",
"Jason Olson","Jason.Olson@test.com","8015551212","1455-01-01","bd8aac35-c5f1-4922-9d6f-e256476792c8","1655564410268","1655564410268",,,"1655564410268"
"Manoj Doshi","Manoj.Doshi@test.com","8015551212","1668-01-01","e4d0e931-e694-40f4-958a-9137a9d6ad77","1655564394319","1655564394319",,,"1655564394319"
"Eric Anandh","Eric.Anandh@test.com","8015551212","1176-01-01","642a1859-c059-40f6-9918-a4c59afbe97a","1655564431069","1655564431069",,,
"Frank Abram","Frank.Abram@test.com","8015551212","1503-01-01","ca2eb21d-204b-4cff-a7a5-0545ed5cec5a","1655564406529","1655564406529",,"1655564406529","1655564406529"
"Angie Clayton","Angie.Clayton@test.com","8015551212","1502-01-01","a35f2153-a5ad-4f1e-b8b0-df369ae85741","1655562636318","1655562699673",,,"1655562699673"
"Liz Habschied","Liz.Habschied@test.com","8015551212","972-01-01","36773925-5ab9-4e69-b4bb-73a045d190bc","1655564446292","1655564446292",,"1655564446292","1655564446292"
"Edward Mitra","Edward.Mitra@test.com","8015551212","1559-01-01","50d98b02-ae6d-4098-abd9-32fccaf343f2","1655563950963","1655563950963",,"1655563950963","1655563950963"
"Eric Aristotle","Eric.Aristotle@test.com","8015551212","1438-01-01","35701908-58d8-4ea6-950b-f22fa7ba1ffa","1655563959500","1655563959500",,"1655563959500","1655563959500"
"Frank Gonzalez","Frank.Gonzalez@test.com","8015551212","1779-01-01","5fc7f133-add2-4a67-91ac-7f8b33420a63","1655564385539","1655564385539",,,
"Ben Aristotle","Ben.Aristotle@test.com","8015551212","969-01-01","64c23ef5-5a76-43e6-bae3-76cf40147800","1655564157025","1655564157025",,,"1655564157025"
"Jason Jones","Jason.Jones@test.com","8015551212","1394-01-01","ac8b77b3-a074-469f-91cf-2e66367921ac","1655564126390","1655564126390",,"1655564126390","1655564126390"
"Spencer Lincoln","Spencer.Lincoln@test.com","8015551212","1070-01-01","c248fef7-1521-467c-bf98-74f75a25dd78","1655564149502","1655564149502",,"1655564149502","1655564149502"
"Senthil Harris","Senthil.Harris@test.com","8015551212","1530-01-01","df4fcaaf-78bf-41ec-ab41-708fc16bf683","1655564404579","1655564404579",,"1655564404579",
"Bobby Harris","Bobby.Harris@test.com","8015551212","1073-01-01","aa354efe-0048-490a-a76f-8f520feb1e58","1655564438493","1655564438493",,,
"John Jones","John.Jones@test.com","8015551212","1227-01-01","58ef039b-9a2b-415e-8561-717650469549","1655564427220","1655564427220",,"1655564427220",
"Frank Olson","Frank.Olson@test.com","8015551212","1917-01-01","06d94ea0-a5db-4782-9c85-cee7120716c8","1655564374761","1655564374761",,,"1655564374761"
"Senthil Fibonnaci","Senthil.Fibonnaci@test.com","8015551212","1256-01-01","cf3d4530-5820-4c5c-a195-4727fc2f1e52","1655564425038","1655564425038",,,"1655564425038"
"Larry Phillips","Larry.Phillips@test.com","8015551212","1862-01-01","7aae67b3-7a25-4b6c-9d31-59aac7df81c0","1655564093136","1655564093136",,"1655564093136",
"David Jackson","David.Jackson@test.com","8015551212","1015-01-01","53c205e9-548a-47b4-bc0b-c647d50d6f2c","1655564442905","1655564442905",,"1655564442905",
"Larry Jackson","Larry.Jackson@test.com","8015551212","1285-01-01","20fd8474-4e49-41e4-b315-f0e074819ab3","1655564134141","1655564134141",,"1655564134141",
"Suresh Mitra","Suresh.Mitra@test.com","8015551212","1633-01-01","e35a491b-3a2d-4c0d-ba28-d84685fd30c5","1655564397012","1655564397012",,,"1655564397012"
"Jane Clayton","Jane.Clayton@test.com","8015551212","1784-01-01","20d82705-370c-46a9-bb2c-7874da290f9d","1655563936344","1655563936344",,"1655563936344",
"Craig Khatib","Craig.Khatib@test.com","8015551212","1061-01-01","4bc6dda5-e970-4ddd-aa26-3c327aae8c1d","1655564439361","1655564439361",,,
"Travis Ahmed","Travis.Ahmed@test.com","8015551212","1724-01-01","40beb56b-86fb-42b2-8fb3-ef8a6d8a8bb3","1655564389813","1655564389813",,"1655564389813",
"Jacob Howard","Jacob.Howard@test.com","8015551212","1246-01-01","4c0bd718-1ed3-479a-afb1-1995be2e41c8","1655564425784","1655564425784",,,"1655564425784"
"Suresh Gonzalez","Suresh.Gonzalez@test.com","8015551212","1207-01-01","a186317d-ab64-48ef-92b7-48519e6736d5","1655564139620","1655564139620",,,"1655564139620"
"Sarah Clark","Sarah.Clark@test.com","8015551212","1896-01-01","46d01f1c-784e-44ce-9d17-9d69f8c1ca7c","1655564376703","1655564376703",,"1655564376703","1655564376703"
"Sarah Smith","Sarah.Smith@test.com","8015551212","997-01-01","c71434ef-0529-442e-93df-372e67172a3d","1655564155049","1655564155049",,"1655564155049","1655564155049"
"Jason Doshi","Jason.Doshi@test.com","8015551212","969-01-01","68129c3e-2cc9-467b-aa24-524af5b49f89","1655564446528","1655564446528",,"1655564446528",
"Neeraj Jackson","Neeraj.Jackson@test.com","8015551212","1279-01-01","9dc132d2-4ecf-44bb-a8a8-7502402e1de7","1655564134565","1655564134565",,,
"Craig Davis","Craig.Davis@test.com","8015551212","1006-01-01","774ced03-e56b-40a9-be39-e1e4e7b2d3c9","1655564443586","1655564443586",,"1655564443586",
"Santosh Gonzalez","Santosh.Gonzalez@test.com","8015551212","1193-01-01","add0901c-4eb8-4942-a17b-abe6bd3ebce5","1655564429801","1655564429801",,"1655564429801",
"Santosh Jones","Santosh.Jones@test.com","8015551212","1314-01-01","45bab6fa-7d59-41fa-8db1-783456b1846c","1655564420693","1655564420693",,"1655564420693","1655564420693"
"Sean Anderson","Sean.Anderson@test.com","8015551212","1885-01-01","d4972cb8-5110-4c46-8434-e3e5ce8daf56","1655564377556","1655564377556",,,"1655564377556"
"Liz Doshi","Liz.Doshi@test.com","8015551212","1788-01-01","e634cf0d-e039-43fa-bda9-0207e3b2dfb2","1655563936091","1655563936091",,,
"Jane Jones","Jane.Jones@test.com","8015551212","1000-01-01","4aba1727-d8a0-4b88-92e6-f70493428243","1655564444045","1655564444045",,"1655564444045",
"Angie Staples","Angie.Staples@test.com","8015551212","1816-01-01","0567141f-293d-4cd5-ab2c-527602a5713a","1655564382810","1655564382810",,,
"Ashley Jones","Ashley.Jones@test.com","8015551212","1021-01-01","3a2528bd-a42d-4bbc-a447-ceef9a23d653","1655564442433","1655564442433",,,
"Chris Spencer","Chris.Spencer@test.com","8015551212","1569-01-01","43282e41-39f6-4fd9-853f-ba25dc485781","1655564114114","1655564114114",,,"1655564114114"
"Spencer Clark","Spencer.Clark@test.com","8015551212","1400-01-01","2380ef44-9520-4d6d-a01d-cedab6cd76fe","1655564414343","1655564414343",,"1655564414343",
"Sarah Davis","Sarah.Davis@test.com","8015551212","989-01-01","751d44a7-afb6-4272-bc26-6ec3e7abc1d8","1655564444873","1655564444873",,"1655564444873",
"Dan Jones","Dan.Jones@test.com","8015551212","1466-01-01","ea84c2da-11f0-42eb-a260-b5efebc490b0","1655564409438","1655564409438",,"1655564409438",
"Gail Smith","Gail.Smith@test.com","8015551212","1414-01-01","2d6647ef-ce37-4fe6-ac90-f7c57dd0eaf0","1655564413303","1655564413303",,"1655564413303","1655564413303"
"Ben Spencer","Ben.Spencer@test.com","8015551212","1173-01-01","25fbaac6-9371-4ae9-b8e4-23390207b2af","1655564142041","1655564142041",,,"1655564142041"
"Trevor Lincoln","Trevor.Lincoln@test.com","8015551212","1377-01-01","e96cd35e-418a-4d7c-8f1e-b9542d39b434","1655562436014","1655562497170",,,
"Jacob Spencer","Jacob.Spencer@test.com","8015551212","984-01-01","8f79924c-97e9-4a7f-8b00-531992647ab0","1655564155958","1655564155958",,,"1655564155958"
"John Doshi","John.Doshi@test.com","8015551212","1525-01-01","004ddb2a-5eee-4675-86a8-60fd2b87829f","1655564404931","1655564404931",,,
"Suresh Lincoln","Suresh.Lincoln@test.com","8015551212","1120-01-01","980b970f-162c-4f24-b770-d16d6d0692d5","1655564145788","1655564145788",,"1655564145788","1655564145788"
"Christina Jackson","Christina.Jackson@test.com","8015551212","1241-01-01","62ea4a93-678e-4061-b410-f77ea2b9da6c","1655564426165","1655564426165",,"1655564426165","1655564426165"
"Manoj Jefferson","Manoj.Jefferson@test.com","8015551212","1415-01-01","a7ddbb05-c770-46ba-825d-02b0110bff78","1655563961181","1655563961181",,"1655563961181",
"Bobby Howard","Bobby.Howard@test.com","8015551212","1052-01-01","dbb6dd0f-471f-4403-923c-bd86c9333685","1655564440065","1655564440065",,"1655564440065",
"Angie Gonzalez","Angie.Gonzalez@test.com","8015551212","1810-01-01","96a43247-ed78-46e7-b837-9ab15702a2b1","1655563934695","1655563934695",,"1655563934695","1655563934695"
"Edward Phillips","Edward.Phillips@test.com","8015551212","1358-01-01","bba87dfc-9d2a-4a24-8e62-a0fc93fa2779","1655564417407","1655564417407",,,
"Angie Anderson","Angie.Anderson@test.com","8015551212","1026-01-01","5b17974f-5d7d-429c-9436-a2517e10b055","1655564442063","1655564442063",,,
"Jaya Khatib","Jaya.Khatib@test.com","8015551212","1127-01-01","8be6f7bb-1e2f-40f5-8897-860b526a0a02","1655564434620","1655564434620",,"1655564434620","1655564434620"
"Sean Mitra","Sean.Mitra@test.com","8015551212","1444-01-01","18ad713c-fa42-4f59-94d2-2c5c88fadf0a","1655564122787","1655564122787",,,
"Sean Staples","Sean.Staples@test.com","8015551212","1642-01-01","8481cbd5-f79e-4920-96b0-1d1943004186","1655564396249","1655564396249",,"1655564396249","1655564396249"
"Suresh Wu","Suresh.Wu@test.com","8015551212","1269-01-01","bff5a8cf-951b-4118-9cff-95aef592bb69","1655564424101","1655564424101",,,"1655564424101"
"Travis Jefferson","Travis.Jefferson@test.com","8015551212","1772-01-01","0b6a24f5-f3b5-4535-86b8-73e5a99aa41f","1655564386066","1655564386066",,"1655564386066","1655564386066"
"Sarah Anderson","Sarah.Anderson@test.com","8015551212","1477-01-01","cb091553-6b8b-4054-94f1-40a552a6e872","1655564120461","1655564120461",,,"1655564120461"
"Danny Habschied","Danny.Habschied@test.com","8015551212","1054-01-01","ecc49152-3f2c-4616-9ac1-e58343a4b4f9","1655564150703","1655564150703",,,"1655564150703"
"Suresh Olson","Suresh.Olson@test.com","8015551212","1287-01-01","d72bce8c-6336-4aec-974a-a659df123443","1655564134004","1655564134004",,"1655564134004",
"Christina Sanchez","Christina.Sanchez@test.com","8015551212","1245-01-01","85d1990a-314d-489f-8cfa-6e3c489a8fc4","1655564425862","1655564425862",,"1655564425862","1655564425862"
"Craig Doshi","Craig.Doshi@test.com","8015551212","1491-01-01","79a09eac-c11b-4df7-a3fc-747f7ef11f23","1655564407428","1655564407428",,,"1655564407428"
"Larry Mitra","Larry.Mitra@test.com","8015551212","1081-01-01","68ca4356-c78c-4f2d-b8ac-6306a31a8835","1655564148614","1655564148614",,"1655564148614",
"Manoj Jones","Manoj.Jones@test.com","8015551212","1279-01-01","1ae52c4a-f5d8-4b53-b12e-353f1ea07933","1655563970055","1655563970055",,"1655563970055",
"Manoj Phillips","Manoj.Phillips@test.com","8015551212","1812-01-01","fc3c7f28-a65d-46d5-a6f6-5d0dc5cb0579","1655564096685","1655564096685",,,
"David Hansen","David.Hansen@test.com","8015551212","1026-01-01","9ac8da09-fc0f-4f93-8e41-5eb6a5b1730a","1655564153025","1655564153025",,"1655564153025","1655564153025"
"Travis Jackson","Travis.Jackson@test.com","8015551212","1614-01-01","1a7e4d58-6a2a-45e1-a0eb-df518cf9cd8d","1655564398495","1655564398495",,"1655564398495",
"Suresh Fibonnaci","Suresh.Fibonnaci@test.com","8015551212","1958-01-01","2b729437-ed70-4909-8c74-4b09a8e65fd4","1655564371369","1655564371369",,"1655564371369","1655564371369"
"Senthil Gonzalez","Senthil.Gonzalez@test.com","8015551212","1612-01-01","238c995b-4814-4cd8-8cca-4bce2d4f93da","1655564398645","1655564398645",,,"1655564398645"
"Bobby Ahmed","Bobby.Ahmed@test.com","8015551212","1099-01-01","c3c99481-5aa0-4cf1-bab0-b7066bf851e6","1655564436630","1655564436630",,"1655564436630",
"Senthil Jackson","Senthil.Jackson@test.com","8015551212","1588-01-01","f57176c1-d9a7-40f5-87e4-fcacf2d8f180","1655564400414","1655564400414",,,
"Manoj Davis","Manoj.Davis@test.com","8015551212","1538-01-01","16c82ff0-ccfc-41e0-a233-5ab4fe0a2ec3","1655563952518","1655563952518",,,"1655563952518"
"Santosh Howard","Santosh.Howard@test.com","8015551212","1281-01-01","04c88964-f82b-47aa-a184-f9368a08a220","1655564423239","1655564423239",,,"1655564423239"
"Angie Aristotle","Angie.Aristotle@test.com","8015551212","1136-01-01","ea4c9ed6-635b-4e0d-8172-ede60feee2d0","1655564433972","1655564433972",,"1655564433972","1655564433972"
"Christina Wu","Christina.Wu@test.com","8015551212","1133-01-01","3eef0b91-b360-43c9-adae-fa1caea536ef","1655564434187","1655564434187",,,
"Jerry Huey","Jerry.Huey@test.com","8015551212","1502-01-01","0ca9e4fb-97e8-40f3-a71b-49939760f6cf","1655564406602","1655564406602",,,"1655564406602"
"Ben Lincoln","Ben.Lincoln@test.com","8015551212","1096-01-01","efb7c03b-9b56-433f-9aaa-32c2b549dbcf","1655564436844","1655564436844",,"1655564436844","1655564436844"
"Suresh Anderson","Suresh.Anderson@test.com","8015551212","1647-01-01","b0cf83c9-f795-4e1c-a58b-2af0e8e2b502","1655564395853","1655564395853",,"1655564395853",
"John Ahmed","John.Ahmed@test.com","8015551212","1058-01-01","031eaa43-33b0-45f1-a5f1-410ea49ad8e4","1655564150402","1655564150402",,,
"Jane Wu","Jane.Wu@test.com","8015551212","1215-01-01","619f293b-a526-4920-969d-db7c8b171f79","1655564428174","1655564428174",,"1655564428174","1655564428174"
"Christina Huey","Christina.Huey@test.com","8015551212","1172-01-01","c5844525-232a-4a9c-8228-c79e044d39d6","1655564431354","1655564431355",,,
"Jacob Gonzalez","Jacob.Gonzalez@test.com","8015551212","1413-01-01","c2937db3-ed2f-4f0e-910c-ead0249d2d55","1655564413372","1655564413372",,,
"Ashley Hansen","Ashley.Hansen@test.com","8015551212","1381-01-01","d0ae0b23-bffd-4191-ae72-29a9c7e055cc","1655564415746","1655564415746",,"1655564415746","1655564415746"
"Lyn Olson","Lyn.Olson@test.com","8015551212","1121-01-01","3c76c4a7-d148-4e3b-bf57-c5a211745b16","1655564435050","1655564435050",,,"1655564435050"
"Lyn Anderson","Lyn.Anderson@test.com","8015551212","1153-01-01","c4c8d785-46bb-46c7-af7c-72dab6a2be0a","1655563978435","1655563978435",,,"1655563978435"
"Jane Habschied","Jane.Habschied@test.com","8015551212","1135-01-01","e51bfa29-4497-48c7-820d-c8fb315a3c58","1655564434043","1655564434043",,"1655564434043","1655564434043"
"Jaya Huey","Jaya.Huey@test.com","8015551212","1315-01-01","3799d182-7210-4e83-b60e-35eb5b18307f","1655563967648","1655563967648",,"1655563967648","1655563967648"
"Frank Sanchez","Frank.Sanchez@test.com","8015551212","1250-01-01","b819c4a2-9ce8-4a25-ac06-0de809e0dd63","1655564425491","1655564425491",,,"1655564425491"
"Jason Fibonnaci","Jason.Fibonnaci@test.com","8015551212","1184-01-01","e1542c68-b99e-44d6-8194-2b0d88cda47a","1655564430487","1655564430487",,"1655564430487",
"Larry Hansen","Larry.Hansen@test.com","8015551212","1422-01-01","5c91869b-8405-450e-b531-c811d6f1febb","1655564412696","1655564412696",,"1655564412696","1655564412696"
"Jaya Harris","Jaya.Harris@test.com","8015551212","1229-01-01","e3801663-66a9-4b04-8644-40f4837e1ce8","1655564427068","1655564427068",,"1655564427068","1655564427068"
"Jaya Mitra","Jaya.Mitra@test.com","8015551212","1463-01-01","e140e1af-d2cd-4df6-a87d-fc52dd5e493c","1655564409654","1655564409654",,"1655564409654","1655564409654"
"Suresh Staples","Suresh.Staples@test.com","8015551212","1170-01-01","342ed10f-6c50-4758-b1d6-462979399448","1655564431503","1655564431503",,,
"Sean Jones","Sean.Jones@test.com","8015551212","1000-01-01","d7ce0361-26d3-4262-a719-7c1c66d53004","1655564154855","1655564154855",,"1655564154855",
"Chris Habschied","Chris.Habschied@test.com","8015551212","1325-01-01","e726c22e-7308-4c1f-823d-6967fafa1dfd","1655563967004","1655563967004",,"1655563967004",
"Jaya Hansen","Jaya.Hansen@test.com","8015551212","1022-01-01","1e3060c5-ac11-46d9-98e1-65516b12b5c1","1655564442355","1655564442355",,"1655564442355","1655564442355"
"Suresh Phillips","Suresh.Phillips@test.com","8015551212","1303-01-01","4ccd0e42-675f-41a8-a973-410a429b2331","1655564421558","1655564421558",,,
"Suresh Jones","Suresh.Jones@test.com","8015551212","1161-01-01","65734945-9d4d-430f-920d-80af193a5adf","1655564432169","1655564432169",,"1655564432169",
"Bobby Sanchez","Bobby.Sanchez@test.com","8015551212","1918-01-01","5d9315c8-2de3-43b5-b8cb-7613bff2876b","1655564088982","1655564088982",,,
"Liz Staples","Liz.Staples@test.com","8015551212","1573-01-01","5d6a6767-063f-423c-b7ba-dce4e471f29b","1655564401550","1655564401550",,"1655564401550","1655564401550"
"Jacob Jefferson","Jacob.Jefferson@test.com","8015551212","1441-01-01","3be3a98a-a07c-46d2-9e8d-544a3d125cef","1655564122998","1655564122998",,"1655564122998",
"Angie Spencer","Angie.Spencer@test.com","8015551212","1095-01-01","b4f522b2-c80d-4967-9eff-fee933a50840","1655564436914","1655564436914",,,
"Craig Huey","Craig.Huey@test.com","8015551212","1907-01-01","3dae3eeb-55bb-4c4c-8625-f0f752335918","1655564375764","1655564375764",,,
"Lyn Clayton","Lyn.Clayton@test.com","8015551212","1622-01-01","424d69fc-5a20-4867-a704-34d3f9e18177","1655564109806","1655564109806",,,"1655564109806"
"Jerry Anderson","Jerry.Anderson@test.com","8015551212","1628-01-01","da735272-0aba-4edc-94fa-327635ab4ddf","1655562628310","1655562691735",,,"1655562691735"
"Frank Howard","Frank.Howard@test.com","8015551212","975-01-01","759b37ee-d0bb-4580-acb0-ce167b991b86","1655564156605","1655564156605",,,"1655564156605"
"Eric Abram","Eric.Abram@test.com","8015551212","1817-01-01","270ab6bc-2c5c-49d8-a3be-3b695442e03f","1655564382730","1655564382730",,,
"Ashley Harris","Ashley.Harris@test.com","8015551212","1697-01-01","225d2cad-6b7c-4bca-8d74-b0b540ff3180","1655564392068","1655564392068",,,"1655564392068"
"Edward Habschied","Edward.Habschied@test.com","8015551212","1909-01-01","803bf459-1dd7-4622-934e-56d422020b6b","1655564375555","1655564375555",,"1655564375555",
"Sarah Lincoln","Sarah.Lincoln@test.com","8015551212","1109-01-01","90f1055d-33da-4c58-a3ba-4543a6c5aba2","1655564435904","1655564435904",,"1655564435904","1655564435904"
"Senthil Clark","Senthil.Clark@test.com","8015551212","1662-01-01","5629ab49-944c-4a0c-a433-ac406dfd90c8","1655564394738","1655564394738",,"1655564394738",
"Neeraj Lincoln","Neeraj.Lincoln@test.com","8015551212","1853-01-01","f1cccece-1397-4c19-82f4-0c4d600433d0","1655564379957","1655564379957",,,
"Danny Aristotle","Danny.Aristotle@test.com","8015551212","987-01-01","0599ae90-5298-4176-97af-c45725c9fdc6","1655564445051","1655564445051",,"1655564445051","1655564445051"
"Trevor Smith","Trevor.Smith@test.com","8015551212","1352-01-01","cee52084-ff4c-49be-a034-aafd3e586bac","1655564417850","1655564417850",,"1655564417850","1655564417850"
"Trevor Aristotle","Trevor.Aristotle@test.com","8015551212","1004-01-01","ad704c7d-ae0d-4aab-819a-48aa45bda93b","1655564443736","1655564443736",,"1655564443736",
"Trevor Anderson","Trevor.Anderson@test.com","8015551212","1699-01-01","f926ce9e-7630-4e53-afbf-a96d9bfc1073","1655564104541","1655564104541",,"1655564104541","1655564104541"
"Neeraj Abram","Neeraj.Abram@test.com","8015551212","1037-01-01","13f34d5e-7e50-485f-af36-eada6ec0b028","1655564441233","1655564441233",,"1655564441233","1655564441233"
"Angie Phillips","Angie.Phillips@test.com","8015551212","971-01-01","10710824-f193-471f-a955-153d249f0395","1655564156885","1655564156885",,"1655564156885","1655564156885"
"John Clark","John.Clark@test.com","8015551212","1625-01-01","7908e8b1-c785-4ea9-81f8-bcbaab90ba48","1655564397596","1655564397596",,,"1655564397596"
"Neeraj Anderson","Neeraj.Anderson@test.com","8015551212","1946-01-01","7364d3ba-4cba-431d-ae34-e6fb838fce5a","1655562608691","1655562670933",,"1655562670933","1655562670933"
"Danny Gonzalez","Danny.Gonzalez@test.com","8015551212","976-01-01","b7390636-e3f9-4ffd-87bf-32ab1658491f","1655564445977","1655564445977",,,
"John Howard","John.Howard@test.com","8015551212","1809-01-01","a248a84b-b90f-4242-8ec5-c0882043c837","1655564383305","1655564383305",,,
"Travis Khatib","Travis.Khatib@test.com","8015551212","1624-01-01","eae3be13-1c51-477c-8479-81947a79dbaa","1655564109664","1655564109664",,,
"John Davis","John.Davis@test.com","8015551212","1172-01-01","eb192c5b-53b3-4324-9d70-d17c81449ad5","1655563977187","1655563977187",,"1655563977187",
"John Staples","John.Staples@test.com","8015551212","1294-01-01","05edcccb-1b53-4cc4-bf5b-6e53c8c59c8a","1655564422263","1655564422263",,"1655564422263","1655564422263"
"Jerry Olson","Jerry.Olson@test.com","8015551212","1115-01-01","3b41e9d1-e362-4f56-a68b-cfa5ac3dd5e8","1655564435478","1655564435478",,,"1655564435478"
"Gail Staples","Gail.Staples@test.com","8015551212","1134-01-01","b3052418-49cc-4f68-92c5-83ccc11c88e5","1655564144802","1655564144802",,,"1655564144802"
"Neeraj Olson","Neeraj.Olson@test.com","8015551212","1859-01-01","1cdad65c-2c03-4bdb-aa9a-8ef9c2d03bb3","1655564379508","1655564379508",,,"1655564379508"
"Angie Jones","Angie.Jones@test.com","8015551212","1261-01-01","6e442498-e9da-430d-b945-1f25e00f2026","1655564424668","1655564424668",,"1655564424668",
"Danny Ahmed","Danny.Ahmed@test.com","8015551212","1144-01-01","9f2f1a0d-86cc-4bd8-bfe0-fb331e1428f1","1655564433397","1655564433397",,,"1655564433397"
"David Harris","David.Harris@test.com","8015551212","1179-01-01","dbaac18d-3394-41c0-aa15-108d26a9043a","1655564141615","1655564141615",,"1655564141615",
"Chris Doshi","Chris.Doshi@test.com","8015551212","1572-01-01","e5caff68-c940-419f-90ac-a1fdd1373cc7","1655564113896","1655564113896",,"1655564113896",
"Christina Phillips","Christina.Phillips@test.com","8015551212","1702-01-01","970f0aab-996c-453d-aa86-595991d8adac","1655564104337","1655564104337",,,
"Spencer Jefferson","Spencer.Jefferson@test.com","8015551212","1939-01-01","5867d826-c398-4da9-bdbb-ddc10148ba35","1655564372990","1655564372990",,"1655564372990",
"Chris Ahmed","Chris.Ahmed@test.com","8015551212","1500-01-01","313fa001-5be5-498d-a875-6d29e7504f45","1655564406752","1655564406752",,"1655564406752","1655564406752"
"Neeraj Aristotle","Neeraj.Aristotle@test.com","8015551212","1202-01-01","cea85f49-fcce-494b-bd0f-9ee29b490b4f","1655563242586","1655563310575",,"1655563310575",
"Neeraj Khatib","Neeraj.Khatib@test.com","8015551212","1923-01-01","649074a5-c08a-4330-93f7-42b998ebec00","1655564374238","1655564374238",,"1655564374238",
"Jane Sanchez","Jane.Sanchez@test.com","8015551212","1707-01-01","03cb9076-d33b-4115-84ad-fd51474e08c9","1655564391118","1655564391118",,,
"Ben Jackson","Ben.Jackson@test.com","8015551212","1629-01-01","2c8c8593-8c6c-4247-803d-e426cab46291","1655563946275","1655563946275",,,
"John Jackson","John.Jackson@test.com","8015551212","1788-01-01","d529d0db-abdc-4d7d-9e96-c29c45897bb7","1655564098399","1655564098399",,"1655564098399",
"Ben Fibonnaci","Ben.Fibonnaci@test.com","8015551212","1654-01-01","5298d87b-731d-4d13-8910-c47c32de9aa5","1655564107603","1655564107603",,,"1655564107603"
"Jacob Olson","Jacob.Olson@test.com","8015551212","1034-01-01","3da6f22e-e4bd-4653-aa7e-63a63d550e15","1655563986459","1655563986459",,,"1655563986459"
"Gail Phillips","Gail.Phillips@test.com","8015551212","1957-01-01","318e531d-a3cc-4b0d-a831-1d0a1062d6ba","1655564371457","1655564371457",,,"1655564371457"
"Senthil Anandh","Senthil.Anandh@test.com","8015551212","1648-01-01","8c968096-dcb3-464d-95ec-eb8b33a0f313","1655564395774","1655564395774",,"1655564395774",
"Dan Wu","Dan.Wu@test.com","8015551212","1221-01-01","57083e21-6977-4ee3-acfa-cbb935758684","1655564427713","1655564427713",,"1655564427713",
"Travis Hansen","Travis.Hansen@test.com","8015551212","1496-01-01","439e9474-ec99-44f9-9e1a-ae7ddd408937","1655564407038","1655564407038",,,
"Liz Lincoln","Liz.Lincoln@test.com","8015551212","968-01-01","4cdf1f34-ff75-4136-affc-79e78216fedf","1655564157097","1655564157097",,,
"Edward Jackson","Edward.Jackson@test.com","8015551212","1929-01-01","b19b2fbb-5941-406f-b51a-364cdaf62478","1655563927095","1655563927095",,"1655563927095",
"Craig Anderson","Craig.Anderson@test.com","8015551212","1963-01-01","281d2082-dbf9-42cc-b39c-901eb42a00de","1655564370864","1655564370864",,,"1655564370864"
"Edward Fibonnaci","Edward.Fibonnaci@test.com","8015551212","1080-01-01","9f560d4d-080a-4c0d-9599-8c0b9db1e37c","1655563983298","1655563983298",,"1655563983298","1655563983298"
"John Khatib","John.Khatib@test.com","8015551212","1561-01-01","989aae61-3562-465f-aa1d-479a1d00959c","1655564402386","1655564402386",,"1655564402386","1655564402386"
"Jacob Phillips","Jacob.Phillips@test.com","8015551212","1473-01-01","e3e43043-e123-408a-bce0-a93288695878","1655564408912","1655564408912",,"1655564408912","1655564408912"
"Senthil Habschied","Senthil.Habschied@test.com","8015551212","1164-01-01","9c8d3b73-e2ec-4f51-8685-26107b60f262","1655564431940","1655564431940",,"1655564431940","1655564431940"
"Senthil Jones","Senthil.Jones@test.com","8015551212","967-01-01","feb53848-fd8d-48f7-9edf-e25b598583be","1655564446679","1655564446679",,"1655564446679","1655564446679"
"David Huey","David.Huey@test.com","8015551212","1658-01-01","5777e38c-0aa5-4ffe-9cd2-ee684d81350b","1655564395025","1655564395025",,,
"John Jefferson","John.Jefferson@test.com","8015551212","1786-01-01","dfaa559e-a2c4-4758-a269-5dc4552119e9","1655564098540","1655564098540",,,"1655564098540"
"Eric Gonzalez","Eric.Gonzalez@test.com","8015551212","1829-01-01","ac69abb8-7bf1-4b23-bb32-4398703c51ea","1655564381716","1655564381716",,"1655564381716","1655564381716"
"Sean Lincoln","Sean.Lincoln@test.com","8015551212","1608-01-01","4f5ce909-30f4-4e6c-97ce-6f9e123fa2c2","1655564110805","1655564110805",,"1655564110805",
"Jerry Harris","Jerry.Harris@test.com","8015551212","1112-01-01","e330db4b-286b-46f6-b4f3-4f7258a07d35","1655564435691","1655564435691",,,
"Craig Howard","Craig.Howard@test.com","8015551212","1787-01-01","666c4792-50db-4ae3-9340-8b7e56bf8177","1655564384932","1655564384932",,,
"David Olson","David.Olson@test.com","8015551212","1537-01-01","79f0e957-83d1-49cd-99c9-2f2856c3ce88","1655564404083","1655564404083",,"1655564404083","1655564404083"
"Manoj Harris","Manoj.Harris@test.com","8015551212","986-01-01","d8d2a814-407c-4fde-883e-8ca9fd7cfc68","1655564445137","1655564445137",,,
"Jason Ahmed","Jason.Ahmed@test.com","8015551212","1361-01-01","ff0732de-16e6-4689-961f-8143e9264453","1655564128707","1655564128707",,"1655564128707",
"Angie Davis","Angie.Davis@test.com","8015551212","1029-01-01","7c5e44e4-28d6-4308-ac6d-346bad2e5939","1655564441846","1655564441846",,,"1655564441846"
"Gail Davis","Gail.Davis@test.com","8015551212","1377-01-01","5853de8e-3cce-4587-aa01-c10834c04fb7","1655564416044","1655564416044",,"1655564416044",
"Sean Anandh","Sean.Anandh@test.com","8015551212","1211-01-01","d0b739ac-9c9e-4507-b611-403b6ccd4055","1655564139339","1655564139339",,,"1655564139339"
"Danny Anderson","Danny.Anderson@test.com","8015551212","1041-01-01","a68179b2-0eca-47db-ab83-ee180a91c586","1655564151866","1655564151866",,,"1655564151866"
"Jerry Doshi","Jerry.Doshi@test.com","8015551212","1699-01-01","5577ce09-e1a9-4ba4-b1b2-fbff9cbc2eb3","1655563941789","1655563941789",,"1655563941789",
"Santosh Anderson","Santosh.Anderson@test.com","8015551212","1732-01-01","29c0abba-ffbb-4e8f-981f-35b519f40032","1655563207448","1655563274256",,,"1655563274256"
"Jaya Phillips","Jaya.Phillips@test.com","8015551212","968-01-01","e6d86f98-8d61-4ffb-9c10-89f564b63faf","1655564446604","1655564446604",,"1655564446604",
"Santosh Spencer","Santosh.Spencer@test.com","8015551212","1258-01-01","284b570b-822f-40a7-a4d6-938fd1681661","1655564424884","1655564424884",,,"1655564424884"
"Jacob Wu","Jacob.Wu@test.com","8015551212","1681-01-01","f59c64f3-cb76-4477-b55a-4f2f0c921f74","1655564393312","1655564393312",,"1655564393312","1655564393312"
"John Lincoln","John.Lincoln@test.com","8015551212","1148-01-01","958f357d-59ae-4048-8cb8-45328b4a277d","1655564433109","1655564433109",,"1655564433109","1655564433109"
"Bobby Jackson","Bobby.Jackson@test.com","8015551212","1139-01-01","03b60d95-c663-4efa-bab8-668096a3e077","1655563979350","1655563979350",,"1655563979350",
"Gail Sanchez","Gail.Sanchez@test.com","8015551212","1301-01-01","4ef0fd34-a5e9-44d4-b679-ca0ba9a44418","1655564421711","1655564421711",,"1655564421711",
"Santosh Ahmed","Santosh.Ahmed@test.com","8015551212","1401-01-01","31bbd883-9b9d-4a17-90ab-46bfa39e6ad9","1655564414269","1655564414269",,,
"Jaya Olson","Jaya.Olson@test.com","8015551212","1094-01-01","6f5d560b-3453-469f-95d6-1af99d733b5d","1655564436985","1655564436985",,,
"Dan Davis","Dan.Davis@test.com","8015551212","1942-01-01","74b7849c-a557-42cb-b3f8-3952bafc3ad1","1655564372761","1655564372761",,"1655564372761","1655564372761"
"Edward Lincoln","Edward.Lincoln@test.com","8015551212","1452-01-01","28bb799e-894a-4951-9648-c1c7535926b9","1655563958541","1655563958541",,,"1655563958541"
"Trevor Clark","Trevor.Clark@test.com","8015551212","1083-01-01","559637c4-20a1-47d0-92d3-3a9697057f51","1655564437772","1655564437772",,,"1655564437772"
"Trevor Olson","Trevor.Olson@test.com","8015551212","1359-01-01","686074dd-1cd0-43cc-8c57-a7bdb919ec91","1655564417335","1655564417335",,"1655564417335","1655564417335"
"Manoj Anandh","Manoj.Anandh@test.com","8015551212","1218-01-01","ec4f80f0-b74b-41b0-a5f1-0017bb8f33ff","1655564427948","1655564427948",,,
"Liz Hansen","Liz.Hansen@test.com","8015551212","1240-01-01","f51f33cd-6d21-49e1-a8e0-22ce51a055a3","1655563240115","1655563307806",,,"1655563307806"
"Larry Lincoln","Larry.Lincoln@test.com","8015551212","1007-01-01","f25dc095-d8aa-4585-ab22-694de7c6a6ac","1655564154353","1655564154353",,"1655564154353",
"Danny Khatib","Danny.Khatib@test.com","8015551212","1544-01-01","e91f14c4-8278-414d-968a-1ca139d8ff71","1655564403595","1655564403595",,,"1655564403595"
"Sarah Staples","Sarah.Staples@test.com","8015551212","1143-01-01","3813c27d-5240-48ac-8b29-0a33ebf40a4f","1655564144158","1655564144158",,"1655564144158","1655564144158"
"Gail Ahmed","Gail.Ahmed@test.com","8015551212","1627-01-01","7a9bcfeb-7ebf-4a45-8f4c-c779d86b372e","1655564109460","1655564109460",,"1655564109460",
"Neeraj Mitra","Neeraj.Mitra@test.com","8015551212","1070-01-01","b98f0d27-fffa-4c2f-b3bb-6871738e1920","1655564438709","1655564438709",,,
"Bobby Aristotle","Bobby.Aristotle@test.com","8015551212","1607-01-01","f9866fac-7799-4181-b68b-bd2447226da8","1655562629867","1655562692997",,"1655562692997",
"Spencer Clayton","Spencer.Clayton@test.com","8015551212","1618-01-01","6372ffb1-8dbd-4558-964d-6742ec79bc59","1655564398191","1655564398191",,"1655564398191",
"Christina Ahmed","Christina.Ahmed@test.com","8015551212","1008-01-01","86521383-ce1c-4fd0-a012-98c00e683be0","1655564443436","1655564443436",,"1655564443436",
"Dan Hansen","Dan.Hansen@test.com","8015551212","1372-01-01","44642939-8df9-4033-98df-d8a2c452a520","1655563963968","1655563963968",,,
"Larry Fibonnaci","Larry.Fibonnaci@test.com","8015551212","1419-01-01","04fce2f6-796e-49d2-a2c7-f6aab213f14c","1655562641164","1655562704967",,,"1655562704967"
"Larry Wu","Larry.Wu@test.com","8015551212","1071-01-01","b8759710-6fac-42a2-b4b7-17638f98408e","1655564438637","1655564438637",,"1655564438637",
"John Gonzalez","John.Gonzalez@test.com","8015551212","1088-01-01","9b9e0caa-540a-4353-ae42-b16b97d2b54e","1655564437411","1655564437411",,"1655564437411",
"Jerry Howard","Jerry.Howard@test.com","8015551212","971-01-01","d15ac9fd-41bc-4bc0-8e09-27f7751c28b9","1655563990554","1655563990554",,,
"Neeraj Gonzalez","Neeraj.Gonzalez@test.com","8015551212","1065-01-01","a3d2069a-922c-41a5-bbfb-3bb34f00e7d4","1655564149896","1655564149896",,,"1655564149896"
"Lyn Lincoln","Lyn.Lincoln@test.com","8015551212","1187-01-01","ee4b701d-2c63-4989-95bb-3ecf8706662b","1655564430252","1655564430252",,,
"Lyn Clark","Lyn.Clark@test.com","8015551212","1415-01-01","31fae65a-5e91-4337-84bd-3ffc74373b31","1655564413231","1655564413231",,,"1655564413231"
"Manoj Gonzalez","Manoj.Gonzalez@test.com","8015551212","1102-01-01","f158b2d6-a664-4bfb-a9ea-fdc8e774c0cc","1655564436411","1655564436411",,"1655564436411",
"Senthil Davis","Senthil.Davis@test.com","8015551212","1290-01-01","9dc753f2-96bf-4225-b6ef-e9c247a8ba30","1655563969290","1655563969290",,"1655563969290","1655563969290"
"Angie Habschied","Angie.Habschied@test.com","8015551212","1079-01-01","41327cbb-2cc6-438c-bcca-6077d61151f4","1655564438061","1655564438061",,"1655564438061","1655564438061"
"Danny Olson","Danny.Olson@test.com","8015551212","1353-01-01","5a53def5-c2e6-4266-812c-97008d8573ea","1655564417775","1655564417775",,"1655564417775","1655564417775"
"Trevor Harris","Trevor.Harris@test.com","8015551212","1100-01-01","bccdc1a9-2792-4075-85b3-59bc888730a4","1655563981865","1655563981865",,"1655563981865",
"Larry Anandh","Larry.Anandh@test.com","8015551212","1898-01-01","62b022cc-ba98-4ea7-a725-de5c37def91d","1655564376533","1655564376533",,,"1655564376533"
"Liz Clayton","Liz.Clayton@test.com","8015551212","1256-01-01","884fb979-df6c-47c7-81f1-174d45f4516d","1655564136177","1655564136177",,,"1655564136177"
"Larry Anderson","Larry.Anderson@test.com","8015551212","1059-01-01","cd3b8769-d574-4f84-81ac-31ba69b13c87","1655564150331","1655564150331",,,
"Bobby Phillips","Bobby.Phillips@test.com","8015551212","1259-01-01","658f15f4-d206-4929-9967-4fad1fc70c0f","1655564424812","1655564424812",,"1655564424812","1655564424812"
"Spencer Abram","Spencer.Abram@test.com","8015551212","1156-01-01","89484e2d-1279-475c-8cdf-5352a6225e28","1655564432531","1655564432531",,"1655564432531",
"Trevor Hansen","Trevor.Hansen@test.com","8015551212","1163-01-01","4744671b-f15f-4c19-8461-56659b4202fb","1655564432022","1655564432022",,"1655564432022",
"Ben Sanchez","Ben.Sanchez@test.com","8015551212","1593-01-01","f3dfa3df-ebec-49f7-ade3-9b1f45366448","1655564400051","1655564400051",,,"1655564400051"
"Sean Huey","Sean.Huey@test.com","8015551212","1081-01-01","50294430-1f24-4a5b-8dff-53b2b053dfc7","1655564437917","1655564437917",,,
"Danny Hansen","Danny.Hansen@test.com","8015551212","1929-01-01","1cd00716-10be-41c5-ade0-0080fa3aa976","1655564088164","1655564088164",,"1655564088164",
"Sarah Clayton","Sarah.Clayton@test.com","8015551212","1663-01-01","bcd9adac-8dcd-458e-a345-92d76dee735a","1655564394673","1655564394673",,,"1655564394673"
"Angie Doshi","Angie.Doshi@test.com","8015551212","1851-01-01","799163e1-983f-4e8a-9152-765b2427bd2d","1655564093890","1655564093890",,"1655564093890","1655564093890"
"Suresh Smith","Suresh.Smith@test.com","8015551212","1842-01-01","8b02d9a2-6fae-47eb-82fb-2044dec94ef3","1655563932674","1655563932674",,"1655563932674",
"Jane Staples","Jane.Staples@test.com","8015551212","1069-01-01","b5f2acf1-1f0a-4ce1-8742-ccca73f296e7","1655564438782","1655564438782",,,"1655564438782"
"Frank Phillips","Frank.Phillips@test.com","8015551212","1483-01-01","555f55a7-ab3b-475a-9f6b-f647c617fb0a","1655564408044","1655564408044",,,"1655564408044"
"Larry Howard","Larry.Howard@test.com","8015551212","1567-01-01","6b04339c-ad0a-4bbd-8d5f-edfa9126a333","1655564114239","1655564114239",,,"1655564114239"
"Jason Habschied","Jason.Habschied@test.com","8015551212","1390-01-01","f57c2fd5-4b99-4c69-bec5-d25efb7bd85e","1655563962799","1655563962799",,"1655563962799","1655563962799"
"Jason Abram","Jason.Abram@test.com","8015551212","1915-01-01","76a32022-9f16-4460-8ab2-cf38ff78bb3a","1655564374991","1655564374991",,"1655564374991","1655564374991"
"Gail Harris","Gail.Harris@test.com","8015551212","1789-01-01","6e65c2d2-a305-4c9e-b125-3a136c8eade7","1655563203899","1655563270386",,,"1655563270386"
"Jerry Fibonnaci","Jerry.Fibonnaci@test.com","8015551212","1657-01-01","bc31f27a-c0b0-4ab6-af90-cdce1935f8e5","1655564395100","1655564395100",,,"1655564395100"
"Jacob Harris","Jacob.Harris@test.com","8015551212","1208-01-01","f6ef212b-8dbc-47bc-a6b0-8700db7a85d1","1655562030643","1655562090439",,"1655562090439",
"Jaya Lincoln","Jaya.Lincoln@test.com","8015551212","1406-01-01","a887c436-3c8c-45c4-97eb-4006c5451ac6","1655564413904","1655564413904",,"1655564413904",
"Manoj Clayton","Manoj.Clayton@test.com","8015551212","1479-01-01","5589af76-6965-4128-8581-c64ae78d7442","1655564408424","1655564408424",,"1655564408424","1655564408424"
"Ashley Wu","Ashley.Wu@test.com","8015551212","1481-01-01","7469a719-00ce-49e6-9c77-9082d44e1740","1655564408234","1655564408234",,,"1655564408234"
"Trevor Sanchez","Trevor.Sanchez@test.com","8015551212","1009-01-01","ce844061-65a2-4a62-b468-347992ef8942","1655564443358","1655564443358",,,"1655564443358"
"John Mitra","John.Mitra@test.com","8015551212","1328-01-01","2741c54b-c1db-4a6f-9ac3-c4190c5eb79a","1655564419652","1655564419652",,"1655564419652",
"Ashley Habschied","Ashley.Habschied@test.com","8015551212","1067-01-01","44b14d25-f045-4aea-aee5-8e7a2292479b","1655564438928","1655564438928",,,"1655564438928"
"Ben Anderson","Ben.Anderson@test.com","8015551212","1940-01-01","1d2fde66-ab1f-4e08-b5c6-1273ba7a5da6","1655564372896","1655564372896",,"1655564372896",
"Sarah Habschied","Sarah.Habschied@test.com","8015551212","1462-01-01","5c2e4e27-64d8-4e15-809f-bdad16a26bfe","1655564409734","1655564409734",,,
"Lyn Phillips","Lyn.Phillips@test.com","8015551212","1630-01-01","26ebbc49-51a0-4597-af48-7e6035838d76","1655564397230","1655564397230",,"1655564397230",
"Manoj Wu","Manoj.Wu@test.com","8015551212","1839-01-01","131101a2-dbee-4501-a861-6d57497919aa","1655564380976","1655564380976",,,"1655564380976"
"Danny Jefferson","Danny.Jefferson@test.com","8015551212","1857-01-01","4b152a40-51e1-4159-b27c-c87e85f97c68","1655564379649","1655564379649",,,
"Larry Smith","Larry.Smith@test.com","8015551212","1505-01-01","0504ca44-ba67-44a5-adc6-da329243e3f3","1655564406382","1655564406382",,"1655564406382","1655564406382"
"Ben Clark","Ben.Clark@test.com","8015551212","986-01-01","c424692c-b453-48cb-a768-2e0fefb775eb","1655564155814","1655564155814",,"1655564155814",
"Sean Khatib","Sean.Khatib@test.com","8015551212","1548-01-01","fa8fef75-8e25-4312-85ab-e14ba7d8b143","1655562633745","1655562696803",,"1655562696803","1655562696803"
"Ben Howard","Ben.Howard@test.com","8015551212","1390-01-01","d614cdbb-a869-4f48-9118-ea680b861963","1655564415093","1655564415093",,,"1655564415093"
"Suresh Habschied","Suresh.Habschied@test.com","8015551212","1300-01-01","613fa1f7-2017-464c-9f4d-1adaa9787553","1655564421804","1655564421804",,,
"Santosh Khatib","Santosh.Khatib@test.com","8015551212","1856-01-01","9ec3e4ca-e319-4018-b37c-d50058034929","1655564379730","1655564379730",,,"1655564379730"
"Travis Staples","Travis.Staples@test.com","8015551212","1203-01-01","f3c0c55f-ce6e-45b3-bb48-2033681f152c","1655564429078","1655564429078",,,"1655564429078"
"Chris Abram","Chris.Abram@test.com","8015551212","1132-01-01","ea3273c4-65a7-4285-a697-4c2916d98298","1655564434260","1655564434261",,,
"Sarah Abram","Sarah.Abram@test.com","8015551212","1233-01-01","101a6b8d-aca0-4142-aece-aa145679f9c8","1655564426765","1655564426765",,,"1655564426765"
"Spencer Olson","Spencer.Olson@test.com","8015551212","973-01-01","a6e2e8c7-c706-4440-9646-5f8ef90f8450","1655564446213","1655564446213",,"1655564446213",
"David Habschied","David.Habschied@test.com","8015551212","1763-01-01","31ff7297-b883-4bd8-aea0-ae6e0f758438","1655563937681","1655563937681",,"1655563937681",
"John Huey","John.Huey@test.com","8015551212","1549-01-01","5da531dc-17fa-42c1-a2e7-cb505c844d9e","1655564403237","1655564403237",,"1655564403237",
"Christina Olson","Christina.Olson@test.com","8015551212","1744-01-01","786e8ee1-f57d-4457-a699-58568092533b","1655564388206","1655564388206",,,"1655564388206"
"Suresh Khatib","Suresh.Khatib@test.com","8015551212","1089-01-01","1d1a7181-ab8f-4b09-a6b5-c06328769613","1655564147971","1655564147971",,"1655564147971",
"Danny Huey","Danny.Huey@test.com","8015551212","1240-01-01","456659a5-a6f5-4e3e-ab1b-d4dcf10adaa7","1655564426244","1655564426244",,"1655564426244","1655564426244"
"Manoj Smith","Manoj.Smith@test.com","8015551212","1357-01-01","53b9a84d-0f85-45c9-ae2b-0cdbc88b2fd0","1655563964935","1655563964935",,"1655563964935",
"Lyn Harris","Lyn.Harris@test.com","8015551212","1793-01-01","21ba4e85-d3d6-4d2a-b582-4df3848ee2a7","1655564384504","1655564384504",,,
"Trevor Anandh","Trevor.Anandh@test.com","8015551212","1484-01-01","d27eaf35-1a35-4678-b66b-ec8c23e2a422","1655564119969","1655564119969",,,
"Christina Howard","Christina.Howard@test.com","8015551212","1174-01-01","3928bafd-3aca-474f-bf17-7d34695f47cb","1655564431213","1655564431213",,,
"Jacob Fibonnaci","Jacob.Fibonnaci@test.com","8015551212","1485-01-01","c93d7ec1-394d-4c34-96cb-ac8677bc32f8","1655564407884","1655564407884",,,
"Ashley Sanchez","Ashley.Sanchez@test.com","8015551212","1330-01-01","6c70db22-8158-4862-a8da-e1b7c4075d02","1655563234071","1655563301431",,"1655563301431","1655563301431"
"Senthil Jefferson","Senthil.Jefferson@test.com","8015551212","1166-01-01","e126157e-118d-4333-bac5-d04646a936bf","1655564431795","1655564431795",,,
"John Harris","John.Harris@test.com","8015551212","1106-01-01","83f2759a-3489-4ffe-bab6-c6a3bb1f8300","1655564436120","1655564436120",,,"1655564436120"
"Sarah Wu","Sarah.Wu@test.com","8015551212","1487-01-01","737d05a1-dada-4303-bcf1-732bf7cde0ae","1655564407737","1655564407737",,"1655564407737",
"Edward Wu","Edward.Wu@test.com","8015551212","1412-01-01","28ead25a-641d-4f1e-81ad-16ae78d05005","1655564413448","1655564413448",,"1655564413448",
"Eric Huey","Eric.Huey@test.com","8015551212","1189-01-01","1c23fb01-4040-47a2-97e4-be77f1bcbb76","1655564140888","1655564140888",,,"1655564140888"
"Eric Jefferson","Eric.Jefferson@test.com","8015551212","1608-01-01","0c4c7859-6712-4179-91ae-5257cbf65efe","1655564398964","1655564398964",,,
"Ben Harris","Ben.Harris@test.com","8015551212","1640-01-01","6c41fe0d-01e1-4664-b9ab-8be04cb605e0","1655564396396","1655564396396",,"1655564396396","1655564396396"
"Ashley Mitra","Ashley.Mitra@test.com","8015551212","1763-01-01","9a31a5b1-3bb3-4dd8-b8bd-15883df7daf0","1655564386760","1655564386760",,"1655564386760","1655564386760"
"Senthil Phillips","Senthil.Phillips@test.com","8015551212","974-01-01","781119bb-0763-41e6-b833-e0e068f73298","1655564446137","1655564446137",,,
"Jason Sanchez","Jason.Sanchez@test.com","8015551212","1586-01-01","cc2554c5-e073-4fa7-965c-500a76d6fc68","1655564112764","1655564112764",,,
"Suresh Clayton","Suresh.Clayton@test.com","8015551212","1886-01-01","9ca46098-9a7c-4e70-add1-926e392ff9e6","1655564377481","1655564377481",,,
"Spencer Phillips","Spencer.Phillips@test.com","8015551212","1161-01-01","bb30fe98-c8a6-4560-9805-7e80c534d431","1655564142889","1655564142889",,,"1655564142889"
"Liz Huey","Liz.Huey@test.com","8015551212","1910-01-01","4236f4ae-77c8-44b9-8364-d24dc7d8b96d","1655564375472","1655564375472",,,"1655564375472"
"Santosh Fibonnaci","Santosh.Fibonnaci@test.com","8015551212","1566-01-01","72f2feaa-1e9f-401b-ab79-a6f4cb8c47a0","1655564402031","1655564402031",,,
"Eric Smith","Eric.Smith@test.com","8015551212","1836-01-01","c45b3748-3947-4eeb-ac53-49e700109b00","1655564381215","1655564381215",,,"1655564381215"
"Edward Ahmed","Edward.Ahmed@test.com","8015551212","1575-01-01","ad808507-7cf2-469c-a4e8-a38702e75887","1655564401398","1655564401398",,"1655564401398","1655564401398"
"Manoj Habschied","Manoj.Habschied@test.com","8015551212","1672-01-01","f40b80f4-8846-4663-aef2-65dc58c02da7","1655563943525","1655563943525",,"1655563943525",
"Trevor Davis","Trevor.Davis@test.com","8015551212","1044-01-01","501d926f-a27a-4499-8edd-949e6162a187","1655563253007","1655563321231",,"1655563321231","1655563321231"
"Gail Khatib","Gail.Khatib@test.com","8015551212","1039-01-01","debee3bb-e5e4-4365-98e0-faac04eddcc2","1655564441095","1655564441095",,"1655564441095",
"Chris Sanchez","Chris.Sanchez@test.com","8015551212","1199-01-01","8eeefd20-9fcb-4c6b-b738-60ba6e1001bb","1655564140184","1655564140184",,"1655564140184","1655564140184"
"Larry Aristotle","Larry.Aristotle@test.com","8015551212","1384-01-01","e9b568cb-27fa-40e1-a335-10127ce318d6","1655564415533","1655564415533",,"1655564415533","1655564415533"
"Suresh Ahmed","Suresh.Ahmed@test.com","8015551212","1234-01-01","a640fea3-8c00-4575-a088-73ec6a247f67","1655564137719","1655564137719",,,
"Larry Huey","Larry.Huey@test.com","8015551212","1659-01-01","81624e88-1469-4f54-977f-3dcb161ef79e","1655564394946","1655564394946",,"1655564394946","1655564394946"
"Chris Jefferson","Chris.Jefferson@test.com","8015551212","1216-01-01","d629a152-f6f9-4605-8780-8e759cbec668","1655564138991","1655564138991",,,"1655564138991"
"Frank Anderson","Frank.Anderson@test.com","8015551212","1403-01-01","a2dba52b-d90c-4b24-a4ac-9ad4b439d41b","1655564414127","1655564414127",,"1655564414127",
"Lyn Wu","Lyn.Wu@test.com","8015551212","983-01-01","881414b9-28cd-4978-a4d9-af8702eb95d4","1655564156027","1655564156027",,"1655564156027",
"Santosh Jackson","Santosh.Jackson@test.com","8015551212","1366-01-01","e616042f-de1d-4b3f-b2eb-dfbc8048aca1","1655564128355","1655564128355",,"1655564128355",
"Jacob Anandh","Jacob.Anandh@test.com","8015551212","993-01-01","df53e5ba-cbbb-4419-85c7-3384af94ff55","1655564444574","1655564444574",,"1655564444574","1655564444574"
"John Sanchez","John.Sanchez@test.com","8015551212","1356-01-01","5ca8ba51-14e2-4c55-9f0e-d39e16ea3b72","1655564129056","1655564129056",,,"1655564129056"
"Sarah Spencer","Sarah.Spencer@test.com","8015551212","1175-01-01","7c12955e-ccd3-4925-bec1-778cf2bebd4e","1655564431141","1655564431141",,,"1655564431141"
"Jane Fibonnaci","Jane.Fibonnaci@test.com","8015551212","1346-01-01","f3b046eb-509a-4ea1-89f9-8a9cb9dc7d13","1655564418303","1655564418303",,,
"Larry Sanchez","Larry.Sanchez@test.com","8015551212","1053-01-01","8d2d73d9-0942-40c0-99dd-a1a4bea0e032","1655564439988","1655564439988",,,"1655564439988"
"Craig Wu","Craig.Wu@test.com","8015551212","1063-01-01","b9d48311-0727-4007-bb25-6d06d9cf9a88","1655564439217","1655564439217",,,
"Edward Anandh","Edward.Anandh@test.com","8015551212","1567-01-01","8143e8ef-a19c-4b37-adcb-e7fda4265682","1655564401958","1655564401958",,,
"Gail Abram","Gail.Abram@test.com","8015551212","1433-01-01","a3ea782f-c9b3-4952-a822-382bf0c3e6d1","1655564411900","1655564411900",,"1655564411900","1655564411900"
"Edward Hansen","Edward.Hansen@test.com","8015551212","1339-01-01","0fa78975-04c4-4d3a-a71b-e9e39ab9af00","1655564130338","1655564130338",,"1655564130338","1655564130338"
"Christina Anderson","Christina.Anderson@test.com","8015551212","1075-01-01","a32f8aea-b300-4fab-bcb1-f44f3a3ab1e3","1655564149070","1655564149070",,"1655564149070",
"Frank Davis","Frank.Davis@test.com","8015551212","1913-01-01","7cf5f3b8-b85f-4ca3-8abe-4bb9b82a15fa","1655564089370","1655564089370",,,"1655564089370"
"Jacob Lincoln","Jacob.Lincoln@test.com","8015551212","1016-01-01","6d24035e-02fa-4cf8-95e6-db770e3374b4","1655564442827","1655564442827",,,
"Ashley Huey","Ashley.Huey@test.com","8015551212","1409-01-01","0fcec8a2-29a3-4318-9792-3d946ceecca3","1655564125334","1655564125334",,"1655564125334",
"Christina Jones","Christina.Jones@test.com","8015551212","1075-01-01","83948d5d-32e0-48c4-9888-eaaf4b302d16","1655564438348","1655564438348",,,"1655564438348"
"Chris Hansen","Chris.Hansen@test.com","8015551212","1753-01-01","f4fb1ea2-5617-40d7-ab82-dc3b3291b9da","1655564387491","1655564387491",,"1655564387491","1655564387491"
"Lyn Aristotle","Lyn.Aristotle@test.com","8015551212","1514-01-01","9b109f21-f940-4e64-8f21-8c02f584736d","1655564405711","1655564405711",,"1655564405711",
"Christina Khatib","Christina.Khatib@test.com","8015551212","1325-01-01","e1993e72-8b54-427f-835b-1facfba04afb","1655564419874","1655564419874",,,"1655564419874"
"Edward Aristotle","Edward.Aristotle@test.com","8015551212","1638-01-01","6442a587-06af-40a6-9998-bfe8fc58a7a7","1655564396561","1655564396561",,,
"Craig Harris","Craig.Harris@test.com","8015551212","1040-01-01","6182a69c-130a-40b6-992a-3b656ad21ffe","1655564441022","1655564441022",,"1655564441022",
"Craig Gonzalez","Craig.Gonzalez@test.com","8015551212","1920-01-01","b112b4e4-9bd9-4579-8948-517ae38321af","1655564088832","1655564088832",,,
"Neeraj Howard","Neeraj.Howard@test.com","8015551212","1159-01-01","784c3c59-755c-48bf-ac97-73f6c659e0d6","1655564432314","1655564432314",,"1655564432314",
"Gail Jackson","Gail.Jackson@test.com","8015551212","1527-01-01","fa17127a-2f08-4b60-9b7f-243f749f680c","1655564404791","1655564404791",,,
"Larry Jefferson","Larry.Jefferson@test.com","8015551212","1770-01-01","3330a1de-37a3-4610-bad4-fd1b6e7ee105","1655564099658","1655564099658",,"1655564099658","1655564099658"
"Dan Jefferson","Dan.Jefferson@test.com","8015551212","1028-01-01","8a92de1f-f5b9-44a7-880e-2fcf0afde7ab","1655564441920","1655564441920",,"1655564441920","1655564441920"
"Angie Khatib","Angie.Khatib@test.com","8015551212","1278-01-01","03f154f4-bbdc-4f87-ab72-f435743e4a5e","1655564423457","1655564423457",,"1655564423457","1655564423457"
"Eric Howard","Eric.Howard@test.com","8015551212","1013-01-01","718436b4-daa3-4699-b472-191f937f520c","1655563255061","1655563323176",,"1655563323176",
"Edward Harris","Edward.Harris@test.com","8015551212","1264-01-01","de29751b-83ea-401f-9ce3-09a4e0c0f23d","1655564424470","1655564424470",,"1655564424470",
"Jaya Wu","Jaya.Wu@test.com","8015551212","1458-01-01","bfc6c2cd-ba48-47ef-b304-dee5f498d27e","1655564410041","1655564410041",,,"1655564410041"
"Jane Jackson","Jane.Jackson@test.com","8015551212","1366-01-01","881b849d-2791-4e3d-aeac-fe6e56f5705f","1655563231649","1655563298999",,"1655563298999",
"Dan Lincoln","Dan.Lincoln@test.com","8015551212","1387-01-01","fa3b7129-9be3-4fd9-ba61-184a3362c805","1655564415319","1655564415319",,,"1655564415319"
"Jacob Ahmed","Jacob.Ahmed@test.com","8015551212","1538-01-01","aa2fb966-1631-4bd4-b546-0bb5bde86dcf","1655564404015","1655564404015",,,"1655564404015"
"Jerry Hansen","Jerry.Hansen@test.com","8015551212","1041-01-01","61423d33-a809-4fab-a567-33eb583897ad","1655564440947","1655564440947",,,"1655564440947"
"Chris Lincoln","Chris.Lincoln@test.com","8015551212","1316-01-01","45b8bd0e-eac6-438e-bef8-4852c239435b","1655564131956","1655564131956",,,
"Larry Abram","Larry.Abram@test.com","8015551212","1071-01-01","99a2ad91-eedc-485c-bc4a-59bf0d8b827e","1655564149410","1655564149410",,"1655564149410",
"Gail Wu","Gail.Wu@test.com","8015551212","1421-01-01","21261a06-e905-4b61-9cd8-5768b6b620c7","1655564412774","1655564412774",,"1655564412774","1655564412774"
"Eric Clayton","Eric.Clayton@test.com","8015551212","1964-01-01","53729803-941f-4571-bc6a-a8286090ed39","1655564370717","1655564370717",,,"1655564370717"
"Christina Habschied","Christina.Habschied@test.com","8015551212","1501-01-01","7d2021b0-b19f-40a2-a541-2f29668a3447","1655564406676","1655564406676",,"1655564406676",
"Santosh Abram","Santosh.Abram@test.com","8015551212","1297-01-01","8b470db5-e0ef-4ac6-b260-ca7fd4fa2bdb","1655564422040","1655564422040",,"1655564422040","1655564422040"
"Angie Ahmed","Angie.Ahmed@test.com","8015551212","1350-01-01","ff6e453d-b404-4bbb-aa7a-37066a06f150","1655564417994","1655564417994",,,"1655564417994"
"Eric Jackson","Eric.Jackson@test.com","8015551212","1889-01-01","2c365079-5feb-427e-9b8d-d6f4e44c15d3","1655564377264","1655564377264",,,
"Liz Anandh","Liz.Anandh@test.com","8015551212","1570-01-01","e2afe061-9730-4be2-b91c-503a514d1ee9","1655564401762","1655564401762",,"1655564401762","1655564401762"
"Larry Clark","Larry.Clark@test.com","8015551212","1864-01-01","30b7d8c6-b5a7-42f3-b9af-6ead1b451af2","1655563931239","1655563931239",,,
"Santosh Sanchez","Santosh.Sanchez@test.com","8015551212","1632-01-01","13c084df-f27d-4ad1-992c-1ca3910ac0f7","1655564397088","1655564397088",,,
"John Habschied","John.Habschied@test.com","8015551212","1637-01-01","3db0de5e-3576-4456-93a3-da3cdc1a9128","1655564108774","1655564108774",,"1655564108774",
"Ashley Staples","Ashley.Staples@test.com","8015551212","1460-01-01","ca25b13d-b18b-4a2d-ab2c-3065a929d72b","1655564409890","1655564409890",,"1655564409890",
"Spencer Mitra","Spencer.Mitra@test.com","8015551212","972-01-01","64b8b5d4-3ba0-49c0-97a7-ce165a077cf8","1655563257679","1655563325885",,,"1655563325885"
"Liz Jackson","Liz.Jackson@test.com","8015551212","1549-01-01","6503b48c-9258-420c-baa1-57fcfb15527a","1655564115441","1655564115441",,,
"Ashley Lincoln","Ashley.Lincoln@test.com","8015551212","1676-01-01","c7cfe44a-828d-400d-a691-81567ff0e682","1655564393707","1655564393707",,,"1655564393707"
"Ben Anandh","Ben.Anandh@test.com","8015551212","1737-01-01","f629d969-b5b9-461c-bd74-95e409434c85","1655564388805","1655564388805",,,"1655564388805"
"Ashley Smith","Ashley.Smith@test.com","8015551212","1542-01-01","723a5721-cf5c-476e-b91f-7be800ed7ae0","1655564403734","1655564403734",,,"1655564403734"
"Jacob Abram","Jacob.Abram@test.com","8015551212","992-01-01","5275a9c6-b510-4140-a7c4-44144f79d004","1655564444648","1655564444648",,,"1655564444648"
"Neeraj Ahmed","Neeraj.Ahmed@test.com","8015551212","1347-01-01","ed64d48a-8fed-4697-9b11-1eb01cb1f1ef","1655564129715","1655564129715",,,
"Ashley Fibonnaci","Ashley.Fibonnaci@test.com","8015551212","1007-01-01","91b799b3-1cef-48dc-9e94-bea190fc74cb","1655564443511","1655564443511",,"1655564443511",
"Santosh Jefferson","Santosh.Jefferson@test.com","8015551212","1762-01-01","05d7fbb9-b3af-44b0-8d3d-6c262bce04d6","1655564100209","1655564100209",,,
"Angie Lincoln","Angie.Lincoln@test.com","8015551212","1001-01-01","d92ac7f4-0a39-4706-8cb3-3e4b6092ea44","1655564154788","1655564154788",,"1655564154788",
"Ashley Doshi","Ashley.Doshi@test.com","8015551212","1451-01-01","4df2d556-7439-46dc-be6d-9770b343bbe5","1655564410594","1655564410594",,,
"John Anandh","John.Anandh@test.com","8015551212","1140-01-01","9fba4944-48f4-48aa-9e2e-b6907c8ec1ce","1655564433684","1655564433684",,"1655564433684",
"Neeraj Hansen","Neeraj.Hansen@test.com","8015551212","1213-01-01","74a76215-1783-4c50-accc-4a0b4dce10f3","1655564428329","1655564428329",,,
"Dan Smith","Dan.Smith@test.com","8015551212","1560-01-01","a940df4e-bdd6-4a21-8400-7c3d15a7a99b","1655564114735","1655564114735",,"1655564114735",
"Manoj Huey","Manoj.Huey@test.com","8015551212","1736-01-01","adb8595b-9fed-4146-8024-87556d4b4273","1655564102004","1655564102004",,"1655564102004","1655564102004"
"Spencer Spencer","Spencer.Spencer@test.com","8015551212","1807-01-01","c7b654b3-1898-4503-b311-b693a4cbac5e","1655564383450","1655564383450",,"1655564383450","1655564383450"
"Lyn Jefferson","Lyn.Jefferson@test.com","8015551212","1695-01-01","9043814c-23eb-40f5-9ec7-402133659f10","1655564104822","1655564104822",,"1655564104822",
"Gail Fibonnaci","Gail.Fibonnaci@test.com","8015551212","1411-01-01","3e874c06-8277-48b4-acbe-814a11e55a7e","1655564413524","1655564413524",,"1655564413524","1655564413524"
"Senthil Khatib","Senthil.Khatib@test.com","8015551212","1490-01-01","ca3099ae-c9c9-4565-9341-88e8665ff354","1655564407505","1655564407505",,"1655564407505",
"David Wu","David.Wu@test.com","8015551212","1585-01-01","70a12b7f-e793-4ad5-b7f5-ca96b92a3826","1655564112877","1655564112877",,,
"Jerry Aristotle","Jerry.Aristotle@test.com","8015551212","1870-01-01","46fb2ddb-d65c-479e-ac0f-d4fe0a14915c","1655563198688","1655563264910",,"1655563264910","1655563264910"
